url,title,content,source,crawled_at
https://cointelegraph.com/news/clear-street-prepares-10b-ipo-as-crypto-treasury-boom-falters,clear street prepares 10b ipo as crypto treasury boom falters,"Amin Haqshanas 3 hours ago Brokerage behind major crypto treasury deals eyes $10–12B public listing: FT New York brokerage Clear Street, a key underwriter of the crypto-treasury boom, is planning a $10–12 billion public listing. Listen 0:00 News COINTELEGRAPH IN YOUR SOCIAL FEED Clear Street, a New York brokerage that has become one of the most active underwriters in the crypto-treasury boom, is preparing to go public with an expected valuation of $10 billion to $12 billion. The IPO could come as early as next month, with Goldman Sachs lined up to lead the offering, the Financial Times reported , citing people familiar with the matter. One source reportedly told the FT that the deal is unlikely to price before January. Founded in 2018, Clear Street rose to prominence as dozens of public companies began adopting the “crypto treasury” playbook, raising capital through equity or debt markets and using the proceeds to buy large quantities of Bitcoin ( BTC ). The strategy was popularized by",CoinTelegraph,2025-12-06 20:50:25.075045
https://cointelegraph.com/news/bitcoin-treasury-firms-enter-darwinian-phase-as-premiums-collapse,bitcoin treasury firms enter darwinian phase as premiums collapse,"Amin Haqshanas 4 hours ago Bitcoin treasury firms enter a ‘Darwinian phase’ as premiums collapse: Galaxy Bitcoin treasury firms are entering a “Darwinian phase” as equity premiums collapse, leverage turns into downside and DAT stocks flip to discounts, Galaxy warns. Listen 0:00 News COINTELEGRAPH IN YOUR SOCIAL FEED Bitcoin treasury companies are entering a “Darwinian phase” as the core mechanics of their once-booming business model break down, according to a new analysis from Galaxy Research. The report said that the digital asset treasury (DAT) trade has reached its natural limit as equity prices fell below Bitcoin ( BTC ) net asset value (NAV), causing the issuance-driven growth loop to reverse and turning leverage into a liability. That breaking point arrived as Bitcoin dropped from its October peak near $126,000 to lows around $80,000, triggering a sharp contraction in risk appetite and draining liquidity across the market. The October 10 deleveraging event accelerated the shift, ",CoinTelegraph,2025-12-06 20:50:27.772754
https://cointelegraph.com/news/strategy-raised-1-44-billion-beat-fud-amid-bitcoin-down-cycle,strategy raised 1 44 billion beat fud amid bitcoin down cycle,"Felix Ng 12 hours ago Strategy raised $1.44B to dispel ‘FUD’ amid a crypto down cycle: CEO Strategy CEO Phong Le said his firm raised 21 months of dividend runway in just eight days to head off investor unease. Listen 0:00 News COINTELEGRAPH IN YOUR SOCIAL FEED Strategy CEO Phong Le said part of the reason for establishing a $1.44 billion USD reserve was to alleviate investor concerns over the company’s health amid a Bitcoin slump. “We’re very much are a part of the crypto ecosystem and Bitcoin ecosystem. Which is why we decided a couple of weeks ago to start raising capital and putting US dollars on our balance sheet to get rid of this FUD,” said Le during CNBC’s Power Lunch on Friday. This afternoon, Phong Le, CEO of @Strategy , joined @CNBC @PowerLunch to discuss how $MSTR moves with bitcoin, how our USD reserve addresses recent FUD, the shifting Overton Window, key volatility drivers, and why bitcoin’s long-term outlook remains strong. pic.twitter.com/1t5hsfov0m — Strategy (@Strate",CoinTelegraph,2025-12-06 20:50:30.168319
https://cointelegraph.com/news/3-binance-bitcoin-charts-point-to-direction-of-btc-s-next-big-move,3 binance bitcoin charts point to direction of btc s next big move,"Biraajmaan Tamuly 14 hours ago Three Binance Bitcoin charts point to the direction of BTC’s next big move Data from Binance points to shifting liquidity patterns and unique trader positioning that could influence the direction of Bitcoin’s next price move. Listen 0:00 Market Analysis COINTELEGRAPH IN YOUR SOCIAL FEED Bitcoin’s ( BTC ) short-term trend may hinge on developments unfolding inside Binance’s order flow and onchain activity. Three Binance-linked metrics indicated rising sell-side pressure, shifting liquidity behavior and a market preparing for volatility, factors that could determine whether BTC holds support or enters a deeper correction. Key takeaways: Bitcoin whale deposits into exchanges are rising, signaling elevated profit-taking risk. BTC inflows to Binance have matched 2025 highs, which have historically preceded longer pullbacks. USDt deposits on Binance reached yearly highs, indicating that traders are repositioning themselves ahead of potential volatility. BTC Wha",CoinTelegraph,2025-12-06 20:50:32.321790
https://cointelegraph.com/news/bitcoin-s-end-of-year-run-to-100k-heavily-depends-on-fed-pivot-outcomes,bitcoin s end of year run to 100k heavily depends on fed pivot outcomes,"Marcel Pechman 15 hours ago Bitcoin’s end-of-year run to $100K heavily depends on Fed pivot outcomes Bitcoin’s chance of hitting $100,000 before New Year’s Eve depends on investors’ reaction to the Fed policy pivot, and the market’s response to soaring BigTech and AI company debt. Listen 0:00 Market Analysis COINTELEGRAPH IN YOUR SOCIAL FEED Key takeaways: The Federal Reserve’s move away from quantitative tightening and rate cuts creates liquidity, making fixed-income assets less attractive. Surging tech credit risks, as evidenced by high Oracle debt protection costs, prompt investors to seek alternative, scarcer assets like Bitcoin. Bitcoin ( BTC ) fell 4% on Friday to a low of $88,140, extending its decline to 19% since November. Meanwhile, the S&P 500 is now less than 1% from its all-time high. This sharp divergence may soon close with a strong upside move for Bitcoin, fueled by a major shift in central bank policy and growing credit stress. This perfect storm has the potential to p",CoinTelegraph,2025-12-06 20:50:34.759368
https://cointelegraph.com/news/bitcoin-shifting-2-year-cycle-video,bitcoin shifting 2 year cycle video,"Marco Castrovilli 18 hours ago Is Bitcoin shifting to a 2-year cycle? ProCap BTC’s Jeff Park reveals how institutional flows and ETFs could shorten Bitcoin’s market cycle — with major implications heading into 2026 Listen 0:00 Cointelegraph YouTube Subscribe COINTELEGRAPH IN YOUR SOCIAL FEED For more than a decade, Bitcoin investors have relied on the familiar four-year cycle to navigate bull runs, capitulations and market shifts driven by halving events.  In 2025, that long-standing roadmap is beginning to look outdated — and analysts are seeking a new framework to understand where Bitcoin ( BTC ) is headed next. Some argue that institutional capital is reshaping the market. Others highlight the weakening impact of the halving, the rise of AI as a competing investment frontier, or global liquidity trends that no longer line up with old patterns. Whatever the cause, one thing is clear: Bitcoin doesn’t seem to be moving like it used to. In this exclusive Cointelegraph interview, Jeff Pa",CoinTelegraph,2025-12-06 20:50:36.761250
https://cointelegraph.com/news/polish-lawmakers-fail-crypto-bill-presidential-veto,polish lawmakers fail crypto bill presidential veto,"Sam Bourgi 20 hours ago Polish lawmakers fail to revive controversial crypto bill after presidential veto Poland’s parliament upheld a veto on the Crypto-Asset Market Act, delaying EU-aligned regulation and deepening divisions over security and innovation. Listen 0:00 News COINTELEGRAPH IN YOUR SOCIAL FEED The lower house of Poland’s parliament failed to secure the required three-fifths majority to override President Karol Nawrocki’s veto of the Crypto-Asset Market Act, pushing the country further away from regulating its digital-asset sector at a moment when lawmakers argue that oversight is increasingly urgent. As Bloomberg reported Friday, the legislation — advanced by Prime Minister Donald Tusk’s government — was intended to align Poland with the European Union’s MiCA framework for crypto markets. The bill was introduced in June but did not survive the president’s veto. Nawrocki blocked the measure last week, arguing it would “threaten the freedoms of Poles, their property, and the",CoinTelegraph,2025-12-06 20:50:38.799910
https://cointelegraph.com/news/terraform-do-kwon-sentencing-recommendation-twelve-years,terraform do kwon sentencing recommendation twelve years,"Turner Wright 21 hours ago US prosecutors request 12 years in prison for Terraform’s Do Kwon A sentencing recommendation said that Do Kwon had caused more losses than Sam Bankman-Fried, Alex Mashinsky and Karl Sebastian Greenwood combined. Listen 0:00 News COINTELEGRAPH IN YOUR SOCIAL FEED US attorneys representing the federal government have requested that a judge send Terraform Labs co-founder Do Kwon to prison for 12 years at his sentencing hearing next week. In a Thursday filing in the US District Court for the Southern District of New York, prosecutors asked that a judge sentence Kwon “to a term of twelve years’ imprisonment and finalize the forfeiture of his criminal proceeds.” The filing came about four months after the Terraform co-founder pleaded guilty to two counts of wire fraud and conspiracy to defraud. “In just a few years, Kwon caused losses that eclipsed those caused by Samuel Bankman-Fried [...] Alexander Mashinsky [...] and Karl Sebastian Greenwood [....] combined [em",CoinTelegraph,2025-12-06 20:50:41.488263
https://cointelegraph.com/news/eu-crypto-regulations-imf-stablecoin-risk-global-express,eu crypto regulations imf stablecoin risk global express,"Aaron Wood 22 hours ago EU may consolidate crypto regulations, IMF warns of stablecoin risk: Global Express The IMF and South Africa’s central bank are still concerned about stablecoins, while in the US, spot crypto products can now be traded on futures markets. Listen 0:00 Analysis COINTELEGRAPH IN YOUR SOCIAL FEED European tech regulators have fined social media platform X 120 million euros ($140 million) for breaking EU rules pertaining to online content. The fine follows a two-year investigation under the Digital Services Act (DSA), which reportedly found that X was not doing enough to tackle illegal and harmful material. Regulators also said that the blue check marks on Elon Musk’s platform were deceiving. They did not follow industry decisions and negatively impacted users’ ability to make informed decisions about the authenticity of an account. The fine is part of a wider crackdown on Big Tech companies, particularly social media. TikTok reported it had avoided a fine by making ",CoinTelegraph,2025-12-06 20:50:43.667283
https://cointelegraph.com/news/doge-to-bitcoin-elon-musk-orange-pill,doge to bitcoin elon musk orange pill,"Gareth Jenkinson 22 hours ago From DOGE to Bitcoin: How fiat accidentally ‘orange-pilled’ Elon Musk Elon Musk’s viral comments on Bitcoin’s intrinsic ties to energy and physics signal a changing attitude toward Bitcoin from Tesla’s founder. Listen 0:00 News COINTELEGRAPH IN YOUR SOCIAL FEED Elon Musk’s ambitious goals of tackling excess spending and inefficiencies in the US federal government may have been futile, but it might have been the catalyst for his changing tune on Bitcoin. So, why is @elonmusk finally talking about Bitcoin's intrinsic connection to physics and energy? As @DSBatten eloquently explains, Elon has firsthand experience trying to stop excess government spending with @DOGE . ""He's run that experiment and he knows that it is not possible… pic.twitter.com/pmLodj8Yf6 — Gareth Jenkinson (@gazza_jenks) December 1, 2025 The Tesla and SpaceX founder went viral on social media after suggesting that Bitcoin would replace fiat money because of it’s intrinsic connection to phy",CoinTelegraph,2025-12-06 20:50:45.924401
https://cointelegraph.com/news/bitcoin-accumulation-trends-strengthen-realized-losses-5-7b,bitcoin accumulation trends strengthen realized losses 5 7b,"Nancy Lubale 23 hours ago Bitcoin accumulation trends strengthen as realized losses near $5.8B Bitcoin whales are accumulating at a record pace amid almost $5.8 billion in capitulation losses, signaling a potential bullish reversal. Listen 0:00 Market Analysis COINTELEGRAPH IN YOUR SOCIAL FEED Bitcoin ( BTC ) has dropped 10% over the last 30 days, as several groups of wallet holders switched from distribution to accumulation. Data suggests that this accumulation, coupled with record realized losses, points to a potential shift in momentum. Key takeaways: Bitcoin whales and mid-sized holders are aggressively accumulating BTC at current levels. Whales and sharks are now absorbing nearly 240% of the newly mined BTC supply. Bitcoin’s realized losses neared $5.8 billion on Nov. 22, the largest since FTX, a classic capitulation sign. Strong Bitcoin accumulation at current levels Bitcoin whales increased their risk-on appetite following the recent drop to $80,000 , using the dip as an opportu",CoinTelegraph,2025-12-06 20:50:48.116052
https://cointelegraph.com/news/solana-wet-presale-bot-sybil-attack-humidifi,solana wet presale bot sybil attack humidifi,"Ezra Reguerra Dec 05, 2025 Solana WET presale hijacked by Sybil wallets as HumidiFi resets launch Bubblemaps CEO Nick Vaiman said Sybil attacks are increasing across presales and airdrops, calling on teams to use KYC or algorithmic detection. Listen 0:00 News COINTELEGRAPH IN YOUR SOCIAL FEED A Solana presale event encountered distribution issues after a bot farm reportedly used over 1,000 wallets to snipe nearly the entire Wet (WET) token sale in seconds. Hosted through the decentralized exchange aggregator Jupiter, the presale sold out almost instantly. But genuine buyers effectively had no chance to participate because a single actor dominated the presale, according to organizers. Solana automated market maker (AMM) HumidiFi, the team behind the presale, confirmed the attack and scrapped the launch entirely. The team said it would create a new token and hold an airdrop to legitimate participants while explicitly excluding the sniper. “We are creating a new token. All Wetlist and JUP",CoinTelegraph,2025-12-06 20:50:50.431315
https://cointelegraph.com/news/italy-consob-mica-deadlines-crypto-vasps,italy consob mica deadlines crypto vasps,"Christina Comben Dec 05, 2025 Italy sets hard MiCA deadline for crypto platforms to comply Italy’s markets regulator sets firm MiCA deadlines, forcing VASPs to seek authorization or exit by Dec. 30, and urges investors to check providers’ compliance plans. Listen 0:00 News COINTELEGRAPH IN YOUR SOCIAL FEED Italy’s securities regulator set a firm timetable for applying the European Union’s Markets in Crypto-Assets Regulation (MiCA) in the country, warning that unlicensed crypto platforms face a deadline to either seek authorization or leave the market. The move directly affects virtual asset service providers (VASPs) currently operating under Italy’s regime and the retail investors who use them.​ In a news release published Thursday, Italy’s Commissione Nazionale per le Società e la Borsa (CONSOB) reminded the market that Dec. 30 is the last day VASPs registered with the Organismo Agenti e Mediatori (OAM) can operate under the existing national framework. Italy sets hard stop for MiCA a",CoinTelegraph,2025-12-06 20:50:54.026203
https://cointelegraph.com/news/ethereum-prysm-bug-fusaka-client-diversity-risk,ethereum prysm bug fusaka client diversity risk,"Adrian Zmudzinski Dec 05, 2025 Ethereum sees 25% validation drop post-Fusaka as Prysm bug nears finality loss A 25% dip in Ethereum’s voting participation coincided with a bug in the Prysm consensus client shortly after the Fusaka upgrade, with the network just 9% away from losing finality. Listen 0:00 News COINTELEGRAPH IN YOUR SOCIAL FEED Shortly after the Fusaka network upgrade, the Ethereum network saw a sharp drop in validator participation after a bug in the Prysm consensus client knocked a chunk of votes offline. According to a Thursday Prysm announcement , version v7.0.0 of the client unnecessarily generated old states while processing outdated attestations, a flaw that Prysm core developer Terence Tsao said prevented the nodes from functioning correctly. Developers recommended that users launch the client with the “--disable-last-epoch-targets” flag as a temporary workaround. Beaconcha.in network data shows that at epoch 411,448, the network achieved only 75% sync participatio",CoinTelegraph,2025-12-06 20:50:56.367631
https://cointelegraph.com/news/strategy-wont-sell-bitcoin-if-stock-drops-bitwise-cio,strategy wont sell bitcoin if stock drops bitwise cio,"Brian Quarmby Dec 05, 2025 Strategy won’t be forced to sell Bitcoin if stock drops, Bitwise CIO says Strategy has $1.4 billion in cash, no debt due until 2027, and Bitcoin's price is above the company’s cost basis, making a sale unlikely, argues Matt Hougan. Listen 0:00 News COINTELEGRAPH IN YOUR SOCIAL FEED Strategy (MSTR) won’t be forced to sell Bitcoin to stay afloat if its share price drops, and those who say otherwise are “just flat wrong,” says Bitwise chief investment officer Matt Hougan. “There is nothing about MSTR’s price dropping below NAV [net asset value] that will force it to sell,” Hougan argued in a note on Tuesday, pointing to chairman Michael Saylor’s steadfast conviction in Bitcoin ( BTC ). “It would indeed be very bad for the Bitcoin market if MSTR had to sell its $60 billion of Bitcoin in one go — that’s akin to two years of Bitcoin ETF inflows,” Hougan said. “But with no debt due until 2027 and enough cash to cover interest payments for the foreseeable future, I j",CoinTelegraph,2025-12-06 20:50:58.751419
https://cointelegraph.com/news/sol-price-capped-at-140-as-altcoin-etf-rivals-reshape-crypto-demand,sol price capped at 140 as altcoin etf rivals reshape crypto demand,"Marcel Pechman Dec 05, 2025 SOL price capped at $140 as altcoin ETF rivals reshape crypto demand SOL struggles to extend its gains as declining activity, falling leverage demand and competition from newly launched spot altcoin ETFs challenge Solana’s price rebound. Listen 0:00 Altcoin Watch COINTELEGRAPH IN YOUR SOCIAL FEED Key takeaways: Falling DEX volumes, muted ETP flows and macro uncertainty are pressuring SOL prices and limiting appetite for bullish positions. New spot ETFs for rival altcoins increase competition, though expected government stimulus may reignite demand for Solana. Solana’s native token SOL ( SOL ) dropped 6% after getting rejected at $147 on Thursday. Investors became more risk-averse following the release of weak US job market data and soft consumer sentiment. Traders worry it may take longer than expected for SOL to revisit the $200 mark, especially after leverage traders were wiped out in October and November, while Solana network activity continues to decline",CoinTelegraph,2025-12-06 20:51:00.810077
https://cointelegraph.com/news/meta-shares-climb-30-percent-metaverse-budget-cut-bloomberg,meta shares climb 30 percent metaverse budget cut bloomberg,"c hZ @��U�&g� +@~���;M5��P/@E����?ks\��LKl��`��J���jD(��p�t6 ����ve��WW���� S�H��+ڵ:b~���㎚�Wû�Je��1ц�l\*c���i�Һ�b��UÇ�w7B�;�3w7B�*""R'Q!�vmh��˓�5�r;���ݚ����q�rS;�����Ny��Z#�B= �4v��]�H��n�`a]a]*nR� ��A?�q�'�t�%���@8_�ʮ�����+��?>ͦ�c�zh=��5��~\:�}�j4'���̾�M �� �n5,G��u/��㟕Q�����*�)""���IH�-D+%�������_��;X�-�h������l�b�� ����/rT���jA�?��#�Dفe��`�YC~���ʘm�P>����ң���7�)@ꂂ9I�%VI���� ��-�����~6��i �*��%?�;��1nԕ���F���H�S�}�m�gI""�F�+o�t�Dl��?F����S�|���!]:xAb��2N/^;���z2�c'��S�5h��< �5 ���Ex�h?�w��;� >f�U��L2�������Q�+�b��p�(a,8>_�2��YA|�O� ��%~�ۓH���p�Z�5�y�I��xɓ�kX8�U�|���&Q�T/���đ��5bb����pM��f;|��L�%G��y��;��z2�h%|�:b�A[�/�^�� tK[��I�5<��%�<�������\����ӟ���I��_�j,���Е8�-���(�Imj�'@��z�rЦ���k��� Fᣆ^�EI��P8EN��y/�$�jI�!��:�/͙Y������( $����${b~�X��_d�#��K��^��,�-�DH��X��,�N��� @���?];9=�5y_\d[Z:�����؆/<�ϥES�WE%͢y�kZцO4 �;�Y='��{:�Exy#������F�k��r.����ţ���s��+�?�X<���W:��<7�% ��1��F�:�c�;0\v�� ~��e�����È � ����8��[��n8[�7��)�ED�x����Ynl��GEc��PoK�A�`0s#k��L�q����3�ӂ��7��SV�a������~N�u�>EY;�{q4�>",CoinTelegraph,2025-12-06 20:51:01.893671
https://cointelegraph.com/news/sec-approves-sui-on-steroids-etf,sec approves sui on steroids etf,"c XZ @�t��Y&��!�D���2��&�Cz`�A��˖e�����?ki!6I�~LOt Fg(+�����_hg?�ކidp�/R'�LƢ~�k/�^���""�"")����D;J9IUO�U��Z�v�UO7g������3���0 R�'���h�6�j�r���͚�Be�V��u���ɪZ6�7M-K��)T$4U���Iu�fO/nV1s�E""�B=(�/g���1/G����Yy5(����O�,u]���J4�RY#���B`Y�UZ�X2��ݲ/�s_�iq�!`��,��V�����g$�H�X
�O3�C�B� :�'S*g{3�kZ�yw �W��8��y�| �!R'% tI.��(�0I""�F�I^���8��q �ڝR�r�Z� ��TqA?1�eI%z-T����u
�kҢl
!@�Ԙ/BnpˆL�M��X����߶�6��P����w�ĭ��8�k �&8r3���Ŋz<�K�$�ǋ�|Y#/�[d?����E�[Q3`��Fܣ�5{���Fcw�Yp�ǯwĺ�ks���.Ȃc�A�P���ЎXѧ�avIf,S�4�U:��a�U�X�i�`�Ʋ�6���Ib3��c��%���l�o�[��JЊ�p�-W���{%�����bg�{�[��LV��
u�M�I��i�`)E���2�4%2�2IE�
��R����ϫ,�Zw��JnQC�>�`��������I:M9��bk����������0�>>��ϗ�?f�$�
Kx,��' xA���l���`B@�V�VSh�&�MT�o��,�
d�����H��B���5 � @�5�����0obC^�K-�(�
0!M3��'VeѶ�u�wX4�����F� 6����ۢ��k�`.{ۣ/,���8r��ח�yP�&E��\�� �V|���܌���Q���_1,�XtoƲ�J=�Y�cH��Y���Fh�+�����V.��=��F���V`w��n�J��+�Ub�β�0�5���ýF�)O��M��w�~��o��p�V�^iM�X�n��cZc���!j��m��3!F0zK�=���q��2�&˘�JŖ��x%?�r��J����a�2I��2���FO��a�~Ezś9�� ����eހ.����:�s3�]�����#�[Q���y����$؍hE]�d",CoinTelegraph,2025-12-06 20:51:03.610214
https://cointelegraph.com/news/imf-guidelines-stablecoin-risks-regulations,imf guidelines stablecoin risks regulations,"Turner Wright Dec 04, 2025 IMF lays out guidelines for addressing stablecoin risks, beyond regulations The fund identified “strong macro-policies and robust institutions” as a response to the potential risks of stablecoins, above a patchwork of global regulations. Listen 0:00 News COINTELEGRAPH IN YOUR SOCIAL FEED The International Monetary Fund (IMF) released a comprehensive report on the potential impact of the growing stablecoin market and the adequacy of global regulations in handling it. In the “Understanding Stablecoins” report released on Thursday, the IMF analyzed the various approaches regions, including the United States, the United Kingdom, Japan and the European Union, had taken in establishing a regulatory framework for stablecoins. Although the report noted that emerging regulations could mitigate risks to macrofinancial stability, the landscape was “fragmented,” both in policymakers’ approaches and how stablecoins are issued. “The proliferation of new stablecoins across ",CoinTelegraph,2025-12-06 20:51:06.035071
https://cointelegraph.com/news/solmate-rockawayx-solana-infrastructure-treasury-abu-dhabi,solmate rockawayx solana infrastructure treasury abu dhabi,"Nate Kostar Dec 04, 2025 Solmate looks beyond SOL treasury model with RockawayX acquisition The deal would fold RockawayX’s infrastructure, liquidity and asset-management businesses into Solmate, widening revenue streams for the SOL-focused treasury company. Listen 0:00 News COINTELEGRAPH IN YOUR SOCIAL FEED Solmate, formerly Brera Holdings PLC, has signed a nonbinding term sheet to acquire RockawayX, a deal that would shift the Abu Dhabi–based Solana company from a passive digital-asset treasury to a unified platform offering infrastructure, liquidity and asset-management services. According to Thursday’s announcement , the all-stock deal would see Solmate acquire all of RockawayX’s operations, including its validator infrastructure and onchain liquidity business, as well as its venture and credit funds, creating a combined entity with more than $2 billion in assets under management. The companies said the merger would combine their staking, hardware, market-making and asset-managemen",CoinTelegraph,2025-12-06 20:51:08.661349
https://cointelegraph.com/news/cftc-spot-crypto-trading-exchanges,cftc spot crypto trading exchanges,"Turner Wright Dec 04, 2025 CFTC greenlights spot crypto trading on US exchanges Acting CFTC Chair Caroline Pham said the move was intended to drive trading activity to US exchanges, rather than offshore ones “that lack basic safeguards.” Listen 0:00 News COINTELEGRAPH IN YOUR SOCIAL FEED The US Commodity Futures Trading Commission has given approval for spot cryptocurrency products to trade on federally regulated futures exchanges. In a Thursday notice, Acting CFTC Chair Caroline Pham said the move was in response to policy directives from US President Donald Trump. She added that the approval followed recommendations by the President’s Working Group on Digital Asset Markets, engagement with the US Securities and Exchange Commission and consultations from the CFTC’s “Crypto Sprint” initiative. “[F]or the first time ever, spot crypto can trade on CFTC-registered exchanges that have been the gold standard for nearly a hundred years, with the customer protections and market integrity that",CoinTelegraph,2025-12-06 20:51:11.112850
https://cointelegraph.com/news/bitcoin-rejects-key-93-5k-fed-rate-cut-ignore-strong-jobs-data,bitcoin rejects key 93 5k fed rate cut ignore strong jobs data,"William Suberg Dec 04, 2025 Bitcoin rejected at key $93.5K as Fed rate-cut bets meet ‘strong’ bear case Bitcoin price action fell back toward $90,000 on strong US jobs data as BTC ignored Fed rate-cut  optimism, failing to flip the yearly open to support. Listen 0:00 Market Update COINTELEGRAPH IN YOUR SOCIAL FEED Bitcoin ( BTC ) slipped from the 2025 yearly open into Thursday’s Wall Street trading session as markets reacted to US jobs data. Key points: Strong US labor-market data fails to dent hopes of a December Fed rate cut. Crypto continues to diverge from stocks amid predictions of a strong finish to 2025 for the latter. Bitcoin has multiple key resistance levels to reclaim in order to flip the bearish status quo. Fed has “no option” over rate cut Data from Cointelegraph Markets Pro and TradingView showed BTC price action weakening on surprisingly low US jobless claims. BTC/USD one-hour chart. Source: Cointelegraph/TradingView Both initial and ongoing claims came in below expectat",CoinTelegraph,2025-12-06 20:51:13.411606
https://cointelegraph.com/news/pepe-memecoin-site-hacked,pepe memecoin site hacked,"Vince Quill Dec 04, 2025 Pepe memecoin website exploited, redirecting users to malware: Blockaid The website of the Pepe memecoin was hit with a front-end attack; users are encouraged to stay clear of the website. Listen 0:00 News COINTELEGRAPH IN YOUR SOCIAL FEED The official website for the Pepe ( PEPE ) memecoin has been compromised by attackers, who are redirecting users to a malicious link. “Blockaid’s system has identified a front-end attack on Pepe. The site contains a code of inferno drainer,” the cybersecurity company said on Thursday. Blockaid’s Threat Intelligence Team told Cointelegraph: ""Blockaid detected Inferno drainer code on the Pepe front end, matching a known drainer family we regularly identify. This is a front-end compromise, where users are redirected to a fake site that injects malicious code to drain wallets.” Source: Blockaid Inferno Drainer is a suite of scam tools that is employed by threat actors, including phishing website templates, wallet drainers and soc",CoinTelegraph,2025-12-06 20:51:15.547277
https://cointelegraph.com/news/eu-proposal-centralize-crypto-financial-markets-esma,eu proposal centralize crypto financial markets esma,"Zoltan Vardai Dec 04, 2025 EU plan would boost ESMA powers over crypto and capital markets The European Commission plans to expand ESMA oversight of MiCA crypto companies and trading venues, aiming to streamline EU markets and narrow the gap with the US. Listen 0:00 News COINTELEGRAPH IN YOUR SOCIAL FEED The European Commission has proposed expanding the powers of the European Securities and Markets Authority (ESMA) over crypto and broader financial markets in a bid to narrow the competitive gap with the United States. Published Thursday, the package would transfer “direct supervisory competences” for key pieces of market infrastructure, including crypto-asset service providers (CASPs), trading venues and central counterparties, to ESMA and strengthen its coordination role in the asset management sector. The proposal still needs approval from the European Parliament and the Council, where it is under negotiation. If adopted, ESMA’s role in overseeing EU capital markets would more close",CoinTelegraph,2025-12-06 20:51:18.032862
https://cointelegraph.com/news/portal-to-bitcoin-25m-funding-atomic-otc-desk,portal to bitcoin 25m funding atomic otc desk,"Adrian Zmudzinski Dec 04, 2025 Portal to Bitcoin raises $25M and launches atomic OTC desk Portal to Bitcoin raised $25 million and launched an HTLC-based atomic OTC desk aimed at enabling trustless, crosschain large trade settlement. Listen 0:00 News COINTELEGRAPH IN YOUR SOCIAL FEED Bitcoin-native interoperability protocol Portal to Bitcoin has raised $25 million in funding amid the launch of what it describes as an atomic over-the-counter (OTC) trading desk. According to a Thursday announcement shared with Cointelegraph, the company raised $25 million in a round led by digital asset lender JTSA Global. The fundraise follows previous investments by Coinbase Ventures, OKX Ventures, Arrington Capital and others. Alongside the fresh funding, the company rolled out its Atomic OTC desk, promising “instant, trustless cross-chain settlement of large block trades.” The newly deployed service is reminiscent of crosschain atomic swaps offered by THORChain, Chainflip, and more Bitcoin -focused s",CoinTelegraph,2025-12-06 20:51:21.017509
https://cointelegraph.com/news/strategy-unicorn-technical-pattern-50percent-mstr-stock-rebound,strategy unicorn technical pattern 50percent mstr stock rebound,"Yashu Gola Dec 04, 2025 Strategy’s ‘unicorn’ technical pattern puts 50% MSTR stock rebound in play MSTR could target $200 and extend toward $280 if supportive macro conditions and bullish technical momentum hold. Listen 0:00 Market Analysis COINTELEGRAPH IN YOUR SOCIAL FEED Strategy’s stock MSTR printed one of the rarest bullish reversal signals in technical analysis, the “Abandoned Baby,” on its daily chart, hinting that a brutal downtrend may be running out of steam. Key takeaways MSTR’s rare reversal pattern suggests rising odds of a sharp rebound. Bitcoin volatility remains the key downside risk. MSTR daily chart. Source: X How high can MSTR go after printing the pattern? Let’s examine. Why is Abandoned Baby turning MSTR bullish? Abandoned Baby forms after a sharp downtrend and consists of three candles: a long bearish candle, a small indecision candle that gaps lower and a strong bullish candle that gaps higher, leaving the middle candle “abandoned.” Abandoned Baby pattern illustr",CoinTelegraph,2025-12-06 20:51:23.625163
https://cointelegraph.com/news/are-seed-phrase-free-crypto-wallets-the-key-to-mass-self-custody-expert-weighs-in,are seed phrase free crypto wallets the key to mass self custody expert weighs in,"Savannah Fortis Dec 04, 2025 Are seed-phrase-free crypto wallets the key to mass self-custody? Expert weighs in A new wave of self-custodial smart accounts aims to eliminate seed phrases, introduce card-based spending and remove the fear of losing access to crypto forever. Listen 0:00 News COINTELEGRAPH IN YOUR SOCIAL FEED Crypto’s longstanding user-experience hurdle, the dreaded seed phrase, is facing a serious challenge. As wallet providers experiment with programmable smart accounts and simplified recovery, the debate about self-custody is shifting from technical responsibility to everyday usability. In this week’s episode of The Clear Crypto Podcast, host Nathaniel Whittemore, Cointelegraph’s Gareth Jenkinson, and Ready (formerly Argent) CEO Itamar Lesuisse address how privacy, self-custody, Bitcoin-backed borrowing and seed-phrase-free wallets are converging to reshape how people store and spend digital assets. One recurring concern among crypto newcomers and veterans alike is the",CoinTelegraph,2025-12-06 20:51:26.460621
https://cointelegraph.com/news/first-us-chainlink-etf-41m-inflows-no-blockbuster,first us chainlink etf 41m inflows no blockbuster,"Zoltan Vardai Dec 04, 2025 Grayscale Chainlink ETF draws $41M on debut, but not ‘blockbuster’ Analysts called the Chainlink ETF’s debut a “solid” launch, but the development has yet to attract enough liquidity to reverse the LINK token’s 39% decline over the past year. Listen 0:00 News COINTELEGRAPH IN YOUR SOCIAL FEED Grayscale’s launch of the first US spot Chainlink exchange-traded fund (ETF) drew strong interest on its first day of trading, suggesting investors still have an appetite for regulated altcoin products despite a broader crypto market slump. Grayscale’s Chainlink ( LINK ) ETF debuted with $41 million in cumulative net inflows and $13 million worth of “solid” trading volume during the first day, said Eric Balchunas, Bloomberg’s senior ETF analyst, in a Wednesday X post . “$41m in first day flows. Another insta-hit from the crypto world, only dud so far was Doge, but it’s still early.” The debut adds to signs that institutional and professional investors are waiting on the ",CoinTelegraph,2025-12-06 20:51:30.565183
https://cointelegraph.com/news/crypto-community-slams-citadel-for-urging-sec-to-regulate-defi-developers,crypto community slams citadel for urging sec to regulate defi developers,"Martin Young Dec 04, 2025 Citadel causes uproar for urging SEC to regulate DeFi tokenized stocks Citadel Securities argued that DeFi platforms offering tokenized US stocks should be regulated under securities laws and not get exemptive relief from the SEC. Listen 0:00 News COINTELEGRAPH IN YOUR SOCIAL FEED Market maker Citadel Securities has recommended that the Securities and Exchange Commission tighten regulations on decentralized finance when it comes to tokenized stocks, causing backlash from crypto users. Citadel Securities told the SEC in a letter on Tuesday that DeFi developers, smart-contract coders, and self-custody wallet providers should not be given “broad exemptive relief” for offering trading of tokenized US equities. It argued that DeFi trading platforms likely fall under the definitions of an “exchange” or “broker-dealer” and should be regulated under securities laws if offering tokenized stocks. “Granting broad exemptive relief to facilitate the trading of a tokenized ",CoinTelegraph,2025-12-06 20:51:34.510042
https://cointelegraph.com/news/popular-smartphone-chip-vulnerable-attack-says-ledger,popular smartphone chip vulnerable attack says ledger,"Stephen Katte Dec 04, 2025 Ledger says popular chip used in smartphones vulnerable to unstoppable attack Ledger says it was able to gain “full and absolute control” over a smartphone by using electromagnetic pulses to take over its chip. Listen 0:00 News COINTELEGRAPH IN YOUR SOCIAL FEED A chip widely used in smartphones has an unfixable vulnerability that could allow attackers to gain complete control and steal private keys stored on the device, according to crypto wallet maker Ledger. Ledger said in a report on Wednesday that it tested an attack on the MediaTek Dimensity 7300 (MT6878), and bypassed its security measures to gain “full and absolute control over the smartphone, with no security barrier left standing.” Ledger security engineers Charles Christen and Léo Benito explained that they took control of the chip using electromagnetic pulses during the chip’s initial boot process. Crypto wallets often rely on private keys , which some users store on their phones, meaning bad actor",CoinTelegraph,2025-12-06 20:51:38.703791
https://cointelegraph.com/news/blackrock-ceo-larry-fink-bitcoin-strategy-shift,blackrock ceo larry fink bitcoin strategy shift,"Turner Wright Dec 03, 2025 BlackRock’s Fink calls Bitcoin an ‘asset of fear,’ softens crypto stance Larry Fink spoke alongside Coinbase CEO Brian Armstrong, describing how BlackRock's stance on crypto had evolved over the previous eight years. Listen 0:00 News COINTELEGRAPH IN YOUR SOCIAL FEED Larry Fink, chair and CEO of asset management company BlackRock, explained his “big shift” from associating cryptocurrencies with illicit activities to having the largest spot Bitcoin exchange-traded fund. Speaking at The New York Times’ DealBook Summit on Wednesday, Fink addressed questions related to his views on crypto and Bitcoin ( BTC ) from journalist Andrew Ross Sorkin. The BlackRock CEO said his move from associating crypto primarily with money laundering to having exposure to billions of dollars in BTC was “a very glaring public example of a big shift in [his] opinions.” “My thought process always evolves,” said Fink. BlackRock CEO Larry Fink speaking at the DealBook Summit on Wednesday.",CoinTelegraph,2025-12-06 20:51:43.068736
https://cointelegraph.com/news/strategy-bitcoin-buy-collapse-bracing-bear-market,strategy bitcoin buy collapse bracing bear market,"Vince Quill Dec 03, 2025 Strategy Bitcoin buys collapse, company braces for bear market: Analyst Strategy's monthly BTC buys contracted significantly in the second half of 2025 amid a broad downturn in the crypto treasury market. Listen 0:00 News COINTELEGRAPH IN YOUR SOCIAL FEED Strategy, the largest corporate holder of Bitcoin, has slowed its rate of cryptocurrency accumulation in 2025, a move analysts at CryptoQuant interpret as preparation for a drawn-out bear market. “Strategy’s Bitcoin buying has collapsed through 2025,” CryptoQuant said in a Wednesday report, noting a dramatic monthly reduction in Bitcoin ( BTC ) purchases by Strategy since late 2024. According to CryptoQuant: “Monthly purchases fell from 134,000 BTC at the 2024 peak to just 9,100 BTC in November 2025, only 135 BTC so far this month. A 24-month buffer makes one thing clear: they’re bracing for the bear market.” Strategy’s monthly BTC purchases show a sharp downtrend from the November 2024 peak. Source: CryptoQua",CoinTelegraph,2025-12-06 20:51:47.075233
https://cointelegraph.com/news/fin-capital-stablecoin-payments-app-citadel-team-fortune-reports,fin capital stablecoin payments app citadel team fortune reports,"c `Z @�5����So�&�����r��4�B�P�`n��ke���Iј���4m'�E�i&H���=�s�&�7*������YP���z�XJd,����rE��~g-W��B�X1_�OiG!l����:��6F�Ӽbxsuw�w��w �eDjM)��8W�� ���%iq=���i�r�5cM+���C�{=*�ج��� y'��'�6W$�vP=�Ww�� ���* ""j��ˏ3�&����H�0�r�Ǻ��4��������^����J�LB�Qw��^�(J�tu2ja_�� �n�1�R�rX���}��� Q❧�T�w�x�������~�gA���I�Q�e��1b><�L ��%ǃD� �c��\Y�QEBc�/� ����g(*!��:�$���!���n���K�V6�^��:��R^�PWd$f<�a�`������Xzl�Y�����t�^�͜��5��D���>:K]���EyJݩrI�K2��m�-IF�ؔ� `�a���n�A$�n/�*��gj���/KH��+���I�5�u��~�8G�jc�J [8N�d: �-�ݾ��<���+�Ш��Tkȉ�й<�-��q�Kh�LsK@Ic!������ޅ�(��0��D��* ���W�rZ,�/!+",CoinTelegraph,2025-12-06 20:51:48.369029
https://cointelegraph.com/news/sec-warning-letters-etf-untamed-leverage,sec warning letters etf untamed leverage,"Vince Quill Dec 03, 2025 SEC sends warning letters to ETF issuers targeting untamed leverage The United States Securities and Exchange Commission halted several ETF filings that proposed three-to-five times leverage on the underlying asset. Listen 0:00 News COINTELEGRAPH IN YOUR SOCIAL FEED The US Securities and Exchange Commission (SEC) sent warning letters to several exchange-traded fund (ETF) providers, halting applications for leveraged ETFs that offer more than 200% exposure to the underlying asset. ETF issuers Direxion, ProShares and Tidal received letters from the SEC citing legal provisions under the Investment Company Act of 1940. The law caps exposure of investment funds at 200% of their value-at-risk, defined by a “reference portfolio” of unleveraged, underlying assets or benchmark indexes. The SEC said: “The fund’s designated reference portfolio provides the unleveraged baseline against which to compare the fund’s leveraged portfolio for purposes of identifying the fund’s l",CoinTelegraph,2025-12-06 20:51:52.355741
https://cointelegraph.com/news/ethereum-treasury-demand-collapses-will-it-delay-eth-recovery-4k,ethereum treasury demand collapses will it delay eth recovery 4k,"Nancy Lubale Dec 03, 2025 Ethereum treasury demand collapses: Will it delay ETH’s recovery to $4K? Collapsed Ethereum treasury demand and stiff overhead resistance between $3,100 and $3,200 stood in the way of Ether’s recovery to $4,000. Listen 0:00 Altcoin Watch COINTELEGRAPH IN YOUR SOCIAL FEED Ether’s ( ETH ) price traded at $3,077, up 17% above its local lows of $2,620 reached on Nov. 21. However, reduced treasury buying and overhead resistance delayed sustained recovery toward $4,000. Key takeaways: Ether treasury demand has collapsed 80%, raising concerns about their sustainability. Breaking the resistance at $3,200 is crucial for confirming the recovery. Ether’s falling wedge breakout targets $4,150 ETH if key support levels hold. Ethereum treasuries have collapsed by 80% Ether has seen a steep decline in demand from corporate treasury entities that had previously accumulated ETH as part of the “DAT” trend. Data from Bitwise reveals that digital asset treasury (DAT) companies pu",CoinTelegraph,2025-12-06 20:51:56.364732
https://cointelegraph.com/news/strategy-michael-saylor-msci-potential-exclusion-engaging,strategy michael saylor msci potential exclusion engaging,"Helen Partz Dec 03, 2025 Strategy’s Michael Saylor on potential MSCI exclusion: ‘We’re engaging’ Strategy is urging MSCI to retain MSTR in its indexes, despite raising its Bitcoin holdings to 650,000 BTC as it has lowered its 2025 targets. Listen 0:00 News COINTELEGRAPH IN YOUR SOCIAL FEED Michael Saylor’s Strategy is not giving up on efforts to keep its common A stock (MSTR) listed in the MSCI indexes after the stock entered the MSCI World Index during the Bitcoin rally in 2024. Amid MSCI Global Standard Indexes holding consultations on whether to delete MSTR and other digital asset treasuries (DATs) from its indexes, Strategy’s Saylor said the company is communicating with the index provider about the issue, Reuters reported on Wednesday. “We’re engaging in that process,” the Strategy founder said, adding that he “was not sure” about the accuracy of JPMorgan’s reported estimations that a potential exclusion from the MSCI could trigger $2.8 billion of outflows. MSCI initially announce",CoinTelegraph,2025-12-06 20:52:01.000747
https://cointelegraph.com/news/japan-crypto-tax-wake-retail-investors,japan crypto tax wake retail investors,"Aaron Wood Dec 03, 2025 Japan’s new crypto tax could wake ‘sleeping giant’ of retail investors The crypto industry in Japan is poised for a surge in growth among retail investors, observers say, as the government plans to introduce a moderate 20% tax. Listen 0:00 Analysis COINTELEGRAPH IN YOUR SOCIAL FEED A new, more moderate tax on digital assets in Japan is projected to make crypto more appealing to retail investors. Lawmakers in the National Diet, Japan’s legislature, reportedly support a proposal from the country’s financial watchdog, the Financial Services Agency (FSA), that would lower taxes on crypto. The rate would decrease from a maximum of 55% to 20%, aligning the taxation regime more closely with traditional assets and securities. Relaxing the tax code reflects a growing trend of the government moderating its stance toward crypto in Japan. From a relative gray zone to strict regulations, to becoming part of a national growth plan, the government has gradually recognized cryp",CoinTelegraph,2025-12-06 20:52:05.208235
https://cointelegraph.com/news/ethereum-treasury-trade-unwinds-80-bitmine-dominant,ethereum treasury trade unwinds 80 bitmine dominant,"Zoltan Vardai Dec 03, 2025 Ethereum treasury trade unwinds 80% as handful of whales dominate buys Corporate Ether acquisitions continue to decline, leaving the world’s largest corporate ETH holder to scoop up billions in Ether, aiming to amass 5% of the total supply. Listen 0:00 News COINTELEGRAPH IN YOUR SOCIAL FEED The Ethereum treasury trade appears to be unwinding as monthly acquisitions continue to decline since the August high, though the largest players continue to scoop up billions of the Ether supply. Investments from Ethereum digital asset treasuries (DATs) fell 81% in the past three months, from 1.97 million Ether ( ETH ) in August to 370,000 ETH in November, according to Bitwise, an asset management firm. “ETH DAT bear continues,” wrote Max Shennon, senior research associate at Bitwise, in a Tuesday X post . Despite the slowdown, some companies with stronger financial backgrounds continue to accumulate the world’s second-largest cryptocurrency or raise funds for future purc",CoinTelegraph,2025-12-06 20:52:10.562604
https://cointelegraph.com/news/bitcoin-stablecoin-settlement-visa-mastercard-consumers,bitcoin stablecoin settlement visa mastercard consumers,"Zoltan Vardai Dec 03, 2025 Bitcoin now settles Visa-scale volumes, but most is for wholesale, not coffee Bitcoin settled $6.9 trillion in the past 90 days as a growing alternative to traditional settlement networks, but its global merchant adoption remains only a fraction of the international giants. Listen 0:00 News COINTELEGRAPH IN YOUR SOCIAL FEED Bitcoin ( BTC ) and US dollar–pegged stablecoins are emerging as a global alternative for moving value across borders without banks and card networks, as the Bitcoin network’s settlement volume begins to rival the world’s largest payment giants. Bitcoin settled $6.9 trillion worth of payments over the past 90 days, which is “on par with or above Visa and Mastercard,” according to blockchain data platform Glassnode’s digital asset research report for the fourth quarter of 2025, published on Wednesday. Over the same period, Visa processed $4.25 trillion in payment volume and Mastercard $2.63 trillion, for a combined $6.88 trillion, according",CoinTelegraph,2025-12-06 20:52:14.925178
https://cointelegraph.com/news/ex-sec-gensler-cryptocurrencies-speculative,ex sec gensler cryptocurrencies speculative,"Christina Comben Dec 03, 2025 Gensler separates Bitcoin from pack, calls most crypto ‘highly speculative’ In a Bloomberg interview, former SEC Chair Gary Gensler reiterated that Bitcoin stands apart from thousands of other crypto tokens, which he described as “highly speculative” assets. Listen 0:00 News COINTELEGRAPH IN YOUR SOCIAL FEED Former US Securities and Exchange Commission Chair Gary Gensler renewed his warning to investors about the risks of cryptocurrencies, calling most of the market “highly speculative” in a new Bloomberg interview on Tuesday. He carved out Bitcoin ( BTC ) as comparatively closer to a commodity while stressing that most tokens don’t offer “a dividend” or “usual returns.” Gensler framed the current market backdrop as a reckoning consistent with warnings he made while in office that the global public’s fascination with cryptocurrencies doesn’t equate to fundamentals. “All the thousands of other tokens, not the stablecoins that are backed by US dollars, but a",CoinTelegraph,2025-12-06 20:52:19.436636
https://cointelegraph.com/news/ethena-usde-contracts-as-fiat-stablecoins-add-billions,ethena usde contracts as fiat stablecoins add billions,"Ezra Reguerra Dec 03, 2025 Ethena’s synthetic USDe contracts sharply as dollar-backed stablecoins expand Ethena’s USDe shed 24% of its supply in November, losing market share as fiat-backed stablecoins including USDT, USDC, PYUSD and RLUSD added billions. Listen 0:00 News COINTELEGRAPH IN YOUR SOCIAL FEED Ethena’s synthetic-dollar stablecoin USDe saw one of its sharpest monthly contractions yet, while fiat-backed stablecoins including USDT, USDC and PYUSD attracted billions in inflows. CoinGecko data showed that Ethena’s USDe stablecoin fell from a market capitalization of $9.3 billion on Nov. 1 to $7.1 billion on Nov. 30. The token saw about $2.2 billion in redemptions, marking a 24% decline in supply in November. Ethena’s USDe is a synthetic stablecoin that maintains its dollar peg through trading strategies with crypto and futures contracts rather than holding actual dollars. USDe outflows mean that users are either selling USDe on the open market, withdrawing from pools or unwindin",CoinTelegraph,2025-12-06 20:52:23.284931
https://cointelegraph.com/news/bitcoin-short-term-losses-etf-flows-recover-2026-outlook,bitcoin short term losses etf flows recover 2026 outlook,"Zoltan Vardai Dec 03, 2025 Bitcoin traders hit peak unrealized pain as ETFs start to turn positive Bitcoin traders are facing the most pressure of this cycle in terms of unrealized losses, but analysts argue that ETFs only accounted for a maximum of 3% the recent selling pressure. Listen 0:00 News COINTELEGRAPH IN YOUR SOCIAL FEED Bitcoin may be nearing a make-or-break point as short-term traders sit on the steepest unrealized losses of the current bull cycle. Short-term Bitcoin ( BTC ) traders who have held BTC from one to three months have been sitting on losses ranging from 20% to 25% for over two weeks, marking the highest pain point of the current market cycle, according to CryptoQuant analyst Darkfost. “Once a large portion of them has capitulated, as we have seen in recent weeks, that is usually when the opportunity to accumulate becomes interesting,” he wrote in a Monday note . This cohort will remain underwater until BTC trades back above its realized price of about $113,692, ",CoinTelegraph,2025-12-06 20:52:27.684113
https://cointelegraph.com/news/crypto-treasury-companies-lead-stock-recovery-after-shaky-start-to-december,crypto treasury companies lead stock recovery after shaky start to december,"Martin Young Dec 03, 2025 Crypto treasuries lead stock recovery after shaky start to December Digital asset treasury stocks surged Tuesday, with Ether-focused firms leading gains up to 12.35% as crypto markets rebounded from the sell-off. Listen 0:00 News COINTELEGRAPH IN YOUR SOCIAL FEED Digital asset treasuries (DATs) are leading a crypto stock recovery as markets rebound following a significant leverage flush at the start of the month. Ether DATs recovered strongly on Tuesday, including Nasdaq-listed EthZilla (ETHZ), which gained 12.35% on the day to $10.80 in after-hours trading, according to Google Finance. The world’s largest Ether ( ETH ) treasury, BitMine — which has reportedly been buying the dip this week — also saw double-digit stock gains on Tuesday, with BMNR climbing 10.26%. BitMine shares reached $32.40 in after-hours trading, up more than 650% since it announced its Ether strategy in late June. Meanwhile, the top-performing crypto stock of the day was mining and crypto ",CoinTelegraph,2025-12-06 20:52:32.409817
https://cointelegraph.com/news/blackrock-tokenization-bridge-crypto-traditional-finance,blackrock tokenization bridge crypto traditional finance,"Stephen Katte Dec 03, 2025 BlackRock’s top brass says tokenization will bridge crypto and finance BlackRock is the largest asset manager in the world, with over $13.4 trillion in assets under management, and operates the largest tokenized cash market fund, worth $2.8 billion. Listen 0:00 News COINTELEGRAPH IN YOUR SOCIAL FEED Former crypto skeptic BlackRock CEO Larry Fink and chief operating officer Rob Goldstein say tokenization will act as a bridge between the crypto industry and traditional finance, doubling down on their support of the sector. In an opinion article penned by Fink and Goldstein and published Monday in The Economist, the pair said that tokenization won’t replace the existing financial system any time soon, but predict it will help merge the two industries. “Think of it instead as a bridge being built from both sides of a river, converging in the middle. On one side stand traditional institutions. On the other are digital-first innovators: stablecoin issuers, fintech’",CoinTelegraph,2025-12-06 20:52:36.400408
https://cointelegraph.com/news/uk-takes-massive-step-forward-passing-property-laws-for-crypto,uk takes massive step forward passing property laws for crypto,"Jesse Coghlan Dec 03, 2025 UK takes ‘massive step forward,’ passing property laws for crypto A bill clarifying that property laws apply to crypto was given royal assent in the UK, with advocates hailing the move as giving crypto “a much clearer legal footing.” Listen 0:00 News COINTELEGRAPH IN YOUR SOCIAL FEED The UK has passed a bill into law that treats digital assets, such as cryptocurrencies and stablecoins, as property, which advocates say will better protect crypto users. Lord Speaker John McFall told the House of Lords on Tuesday that the Property (Digital Assets etc) Bill has received royal assent, meaning King Charles has formally approved it and it has now become law. Freddie New, policy chief at advocacy group Bitcoin Policy UK, said on X that the bill “becoming law is a massive step forward for Bitcoin in the United Kingdom and for everyone who holds and uses it here.” Source: Freddie New Common law in the UK, based on judges’ decisions, has established that digital assets ",CoinTelegraph,2025-12-06 20:52:40.454076
https://cointelegraph.com/news/trump-hints-kevin-hassett-next-fed-chair,trump hints kevin hassett next fed chair,"Brian Quarmby Dec 03, 2025 Trump hint sends Kevin Hassett Fed chair odds soaring in markets Trump hasn’t confirmed who he will have replace Fed Chair Jerome Powell with next year, but two recent hints, taken together, point to his crypto-friendly adviser. Listen 0:00 News COINTELEGRAPH IN YOUR SOCIAL FEED Prediction market odds on Kevin Hasset becoming the next chair of the US Federal Reserve spiked after US President Donald Trump appeared to hint at who he has in mind during a White House event. Speaking at the White House on Tuesday, Trump introduced guests, welcoming Hassett as a “potential Fed chair.” “It’s a great group, and I guess a potential Fed chair is here too,” he said. “I don’t know, are we allowed to say that, potential? He’s a respected person, that I can tell you. Thank you, Kevin.” It was only during a cabinet meeting earlier in the day that Trump reportedly said they had already whittled the race down to one person. “I think we probably looked at 10 and we have it dow",CoinTelegraph,2025-12-06 20:52:44.963464
https://cointelegraph.com/news/kevin-oleary-bitcoin-price-crypto-united-states-federal-reserve,kevin oleary bitcoin price crypto united states federal reserve,"Ciaran Lyons Dec 03, 2025 December Fed cut unlikely, but Bitcoin will be fine: Kevin O’Leary Kevin O’Leary said he is not positioning his investments around expectations that the US Federal Reserve will cut rates in December. Listen 0:00 News COINTELEGRAPH IN YOUR SOCIAL FEED American entrepreneur and investor Kevin O’Leary has pushed back against speculation that the US Federal Reserve will cut interest rates in December — a move that typically signals a favorable outlook for crypto. However, O’Leary doesn’t anticipate a Fed rate hold negatively impacting Bitcoin’s ( BTC ) price. “I don’t actually think the Fed's gonna cut in December,” O’Leary, also known as “Mr Wonderful,” told Cointelegraph during an interview on Tuesday, emphasizing that it’s not “gonna make a difference to Bitcoin.” Why Mr. Wonderful doesn’t tip Bitcoin to move more than 5% “I’m not investing that way. I’m not investing as if the Fed is going to cut rates. So I just don’t see it. I think there are lots of reasons",CoinTelegraph,2025-12-06 20:52:49.102843
https://cointelegraph.com/news/us-genius-act-eu-mica-stablecoin-liquidity-split,us genius act eu mica stablecoin liquidity split,"Sam Bourgi Dec 04, 2025 US stablecoin rules split global liquidity with Europe, CertiK warns US stablecoin rules under the GENIUS Act are splitting global liquidity with Europe, creating regional markets and potentially leading to cross-border friction, a report says. Listen 0:00 News COINTELEGRAPH IN YOUR SOCIAL FEED The United States’ new approach to stablecoin regulation is reshaping global liquidity flows and driving a sharp structural split with the European Union’s Markets in Crypto-Assets (MiCA) regime, effectively creating separate US and EU stablecoin liquidity pools, according to a new report from blockchain security auditor CertiK. The report finds that the US digital asset market entered a new phase of regulatory clarity in 2025, with federal legislation and administrative reforms now broadly aligned around how digital assets are issued, traded and custodied. At the center of that shift is the GENIUS Act , signed into law by US President Donald Trump in July, which establis",CoinTelegraph,2025-12-06 20:52:53.207486
https://cointelegraph.com/news/cme-bitcoin-volatility-index-institutional-crypto-trading,cme bitcoin volatility index institutional crypto trading,"Sam Bourgi Dec 02, 2025 CME launches Bitcoin volatility index as institutional crypto trading matures CME has rolled out new crypto benchmarks, including a Bitcoin volatility index designed to sharpen risk pricing across futures and options markets. Listen 0:00 News COINTELEGRAPH IN YOUR SOCIAL FEED The Chicago-based CME Group introduced a new suite of cryptocurrency benchmarks designed to provide standardized pricing and volatility data for institutional traders using tools they’re familiar with across traditional asset classes. Announced Tuesday, the CME CF Cryptocurrency Benchmarks cover a range of digital assets, including Bitcoin ( BTC ), Ether ( ETH ), Solana ( SOL ) and XRP ( XRP ). Notably, the launch includes the CME CF Bitcoin Volatility Benchmarks, which track the implied volatility of Bitcoin and Micro Bitcoin Futures options, effectively serving as a crypto-market equivalent of the equity market’s VIX by showing how much price movement traders expect over the next 30 days.",CoinTelegraph,2025-12-06 20:52:57.595540
https://cointelegraph.com/news/bitcoin-mispricing-deepens-as-btc-trades-under-dollar100k-bitwise,bitcoin mispricing deepens as btc trades under dollar100k bitwise,"Biraajmaan Tamuly Dec 02, 2025 Bitcoin mispricing deepens as BTC trades below $100K, but not for long: Bitwise Bitcoin’s underperformance versus gold and the rapid expansion of global liquidity suggest that BTC’s current pricing is deeply discounted. Will BTC be the star performer of 2026? Listen 0:00 Markets News COINTELEGRAPH IN YOUR SOCIAL FEED Bitcoin’s ( BTC ) current trading behavior reflects one of its deepest macroeconomic disconnects in years, with global liquidity surging while BTC continues to lag behind money supply growth and gold’s record performance. A recent report from Bitwise suggested this gap may be setting up a significant asymmetric opportunity in Bitcoin heading into 2026. Key takeaways: Bitcoin is currently undershooting the global money supply by 66%, implying a model-based fair value near $270,000. Gold has taken the bulk of 2025’s monetary-dilution bid and now overshoots global M2 by 75%. Global liquidity turns, but Bitcoin hasn’t followed A fresh edition of ",CoinTelegraph,2025-12-06 20:53:01.829410
